Scale,BF_MSS,BF_Time,L_MSS,L_Time,LS_MSS,LS_Time
Small Scale,87390.00,0.002681s,87520.00,0.000002s,87530.00,0.000002s
Medium Scale,232966.00,0.251924s,233144.00,0.000003s,233144.00,0.000003s
Large Scale,325382.00,2.410582s,325426.00,0.000003s,325426.00,0.000003s
