Scale,BF_MSS,BF_Time,L_MSS,L_Time,LS_MSS,LS_Time
Small Scale,15377.00,0.002736s,15379.00,0.000002s,15601.00,0.000002s
Medium Scale,181057.00,0.256233s,181077.00,0.000002s,181077.00,0.000003s
Large Scale,322752.00,2.444461s,322904.00,0.000003s,322904.00,0.000003s
