Scale,BF_MSS,BF_Time,L_MSS,L_Time,LS_MSS,LS_Time
Small Scale,73634.00,0.002828s,73652.00,0.000002s,73652.00,0.000002s
Medium Scale,172321.00,0.265834s,172675.00,0.000003s,172675.00,0.000003s
Large Scale,230187.00,2.498474s,230249.00,0.000003s,230249.00,0.000003s
