Scale,BF_MSS,BF_Memory,L_MSS,L_Memory,LS_MSS,LS_Memory
Small Scale,86363.000000,1.2500 MB,86363.000000,1.2344 MB,86395.000000,1.2500 MB
Medium Scale,81346.000000,1.2500 MB,81362.000000,1.2344 MB,81364.000000,1.2500 MB
Large Scale,127721.000000,1.2500 MB,127723.000000,1.2344 MB,127723.000000,1.2500 MB
